Host;IP;Status;DateStatus
abp-vpdm;10.99.142.16;0;20160422-111635
ban-arhiva;10.218.119.19;0;20160422-142059
bell;10.255.247.66;1;20160404-141831
bresil;10.23.144.48;0;20160422-111635
copernic;10.255.150.202;1;20160404-141831
cortes;10.255.250.189;10;20160411-151136
erp-v47-s2;10.128.72.174;1;20160404-141831
gec10;10.23.4.133;0;20160422-111635
lic104;10.238.146.104;1;20160422-101901
lic113;10.238.146.113;0;20160422-111635
lic122;10.238.146.122;0;20160422-111635
lic131;10.238.146.131;0;20160422-111635
lic140;10.238.146.140;0;20160422-111635
lpar202;10.255.251.6;0;20160411-151136
rumi;10.163.64.102;10;20160411-151136
sabad10467;10.238.15.51;10;20160422-114807
sabad10575;10.238.15.101;10;20160422-114807
sabad10638;10.238.15.138;10;20160422-114807
sabad10674;;10;20160317-101501
sabad10782;10.238.15.56;10;20160210-182200
sabad11259;10.238.197.83;10;20160219-152249
sabad11385;10.238.41.46;10;20160219-152249
sabad11484;10.238.198.35;10;20160219-152249
sabad11493;10.238.198.39;0;20160422-111635
sabad15093;;1;20160317-095734
sabad15165;10.236.4.165;10;20160411-151136
sabad15174;;1;20160223-140557
sabad16146;10.236.4.146;11;20160405-142404
sabad18108;10.238.168.18;0;20160422-111635
sabad18117;10.238.168.27;0;20160422-111635
sabad18126;10.238.168.36;0;20160422-111635
sabad18135;10.238.168.45;0;20160422-111635
sabad18144;10.238.168.54;0;20160422-111635
sabad18153;10.238.168.63;0;20160422-111635
sabad18306;10.238.168.206;0;20160422-111635
sabad19017;10.238.21.84;0;20160422-142059
sabad19030-vs10;10.128.78.86;0;20160422-111635
sabad19044;10.128.78.147;11;20160406-113454
sabad19053;10.238.142.198;0;20160422-111635
sabad19080;10.128.78.67;10;20160317-101501
sabad19161;10.238.142.172;0;20160422-111635
sabad19251;10.238.101.21;0;20160422-111635
sabad19260;10.238.21.107;1;20160406-120649
sabad19305;10.238.220.65;10;20160411-151136
sabad19323;10.238.220.75;0;20160422-142059
sabad19341;10.238.220.81;0;20160422-142059
sabad19404;10.238.21.37;11;20160406-144311
sabad19413;10.238.21.44;1;20160411-094107
sabad19422;10.128.72.254;10;20160411-151136
sabad19602;10.238.21.113;11;20160411-122001
sabad19788;10.238.143.103;0;20160422-142059
sabad19797;10.238.220.46;10;20160414-094245
sabad19800;10.128.78.48;0;20160422-142059
sablr15022;10.107.138.200;1;20160317-122122
sabor10025;10.23.176.12;0;20160422-111635
sacch10287;10.239.4.140;0;20160422-111635
sacch10368;10.239.25.140;0;20160422-111635
sacch10377;10.239.4.174;0;20160422-111635
sacch15057;10.237.4.57;1;20160422-101901
sacch15084;10.237.4.84;1;20160422-101901
sacch15093;10.237.4.93;1;20160422-101901
sacch15165;;1;20160223-140557
sacch15174;;1;20160223-140557
sacch15570;10.239.8.4;0;20160422-111635
sacch15624;10.239.26.144;10;20160219-152249
sacch15705;;1;20160223-140557
saguc15027;;1;20160223-140557
salpt10067;10.18.0.100;0;20160422-111635
salrh10027;10.23.97.162;0;20160422-111635
sarei10005;10.23.144.9;1;20160422-101901
sarma15011;10.238.198.220;0;20160422-111635
saroc13dc2;10.163.0.55;0;20160422-111635
sbbad16158;10.236.4.158;0;20160422-111635
sbbad19119;10.238.143.119;0;20160422-111635
sbbad19128;10.238.132.128;0;20160422-111635
sbbad19137;10.238.132.39;0;20160422-111635
sbbad19164;10.238.143.114;0;20160422-111635
sbbad19173;10.238.143.201;0;20160422-111635
sbbad19182;10.238.217.182;0;20160422-142059
sbbad19191;10.238.197.7;0;20160422-111635
sbcch10199;10.239.4.205;0;20160422-111635
sbcch15068;10.237.4.68;0;20160422-111635
sbcch15077;10.237.4.77;1;20160422-101901
ssmprod;10.238.21.67;11;20160422-101901
suric1tcet;10.164.24.131;0;20160422-111635
suwin1webs;10.160.48.24;0;20160422-111635
valencia;10.79.3.32;0;20160422-111635
acectra6;10.79.2.36;0;20160422-111635
curie;10.255.150.125;1;20160404-141831
edison;10.255.250.106;1;20160404-141831
grw08a;10.34.32.203;0;20160422-111635
hrkabirt;10.218.10.63;0;20160422-111635
lic105;10.238.146.105;0;20160422-111635
lic114;10.238.146.114;0;20160422-111635
lic123;10.238.146.123;0;20160422-111635
lic132;10.238.146.132;0;20160422-111635
lic141;10.238.146.147;0;20160422-111635
lic150;10.238.146.156;0;20160422-111635
lpar203;10.255.251.7;1;20160404-152724
orgrugs09;10.34.114.253;0;20160422-111635
sabad10576;10.238.15.102;10;20160422-114807
sabad10945;10.238.206.178;1;20160223-140557
sabad10972;10.238.15.175;10;20160210-182200
sabad11359;10.238.41.84;10;20160219-152249
sabad11494;10.238.198.40;0;20160422-111635
sabad15166;10.236.4.130;0;20160411-151136
sabad15175;;1;20160223-140557
sabad15751;;1;20160223-140557
sabad16147;10.236.4.147;1;20160405-144907
sabad18109;10.238.168.19;0;20160422-111635
sabad18118;10.238.168.28;0;20160422-111635
sabad18127;10.238.168.37;0;20160422-111635
sabad18136;10.238.168.46;0;20160422-111635
sabad18145;10.238.168.55;0;20160422-111635
sabad18154;10.238.168.64;0;20160422-111635
sabad18307;10.238.168.207;0;20160422-111635
sabad19018;10.128.72.201;0;20160422-142059
sabad19027;10.128.78.49;0;20160422-142059
sabad19031-vs10;10.128.78.84;0;20160422-111635
sabad19040-vs11;10.128.78.51;0;20160422-111635
sabad19041-vs10;10.128.78.85;0;20160422-111635
sabad19045;10.128.78.127;0;20160422-142059
sabad19054;10.238.142.199;0;20160422-111635
sabad19126;10.238.142.177;0;20160422-111635
sabad19162;10.238.142.173;0;20160422-111635
sabad19261;10.238.21.108;0;20160422-142059
sabad19270;10.238.142.222;0;20160422-111635
sabad19324;10.238.220.76;0;20160422-142059
sabad19342;10.238.220.82;0;20160422-142059
sabad19351;10.238.21.75;1;20160406-130541
sabad19405;10.238.21.34;11;20160406-145939
sabad19423;10.238.21.53;0;20160422-142059
sabad19603;10.238.21.114;11;20160411-124549
sabad19702;10.128.78.164;0;20160422-142059
sabad19798;10.238.220.47;10;20160414-094245
sabad790;10.238.220.42;0;20160422-142059
sacch10378;10.239.4.175;0;20160422-111635
sacch15058;10.237.4.58;1;20160422-105451
sacch15085;10.237.4.85;1;20160422-105451
sacch15094;10.237.4.94;1;20160422-105451
sacch15157;;1;20160223-140557
sacch15166;;1;20160223-140557
sacch15175;;1;20160223-140557
saguc15028;;1;20160223-140557
salrh10028;10.23.97.163;0;20160422-111635
sarma15012;10.238.198.221;0;20160422-111635
sarma15021;10.236.4.30;0;20160422-111635
sarma15030;;1;20160223-140557
sarma15201;;1;20160317-095734
sarma15210;;1;20160317-095734
saroc1hmc1;10.163.0.50;0;20160422-111635
sartre;10.255.250.28;1;20160422-105451
sasav10020;10.115.32.171;0;20160422-111635
sautc10011;10.192.16.80;0;20160422-111635
savbn10037;10.23.208.177;0;20160422-111635
sbbad16159;10.236.4.159;0;20160422-111635
sbbad19138;10.238.132.40;0;20160422-111635
sbbad19174;10.238.143.202;0;20160422-111635
sbbad19183;10.238.217.114;0;20160422-142059
sbbad19192;10.238.197.81;10;20160219-152249
sbcch15078;10.237.4.78;1;20160422-105451
sbcch15087;10.237.4.87;1;20160422-105451
sbmlm10002;10.123.134.177;1;20160317-121243
serpolet;10.23.208.30;0;20160422-111635
sncch10033;10.18.0.169;0;20160422-111635
sudel10045;10.108.100.120;0;20160422-111635
sutrc12773;10.92.2.33;0;20160422-111635
suwin1bppp;10.164.119.71;0;20160422-111635
canton;10.255.250.40;1;20160404-141831
celsius;10.255.150.201;1;20160404-141831
cubad10231;10.128.172.216;0;20160422-111635
gcnsse;10.239.4.214;0;20160422-111635
hawai;10.23.29.32;0;20160422-111635
lic106;10.238.146.106;0;20160422-111635
lic115;10.238.146.115;0;20160422-111635
lic124;10.238.146.124;0;20160422-111635
lic133;10.238.146.133;0;20160422-111635
lic142;10.238.146.148;0;20160422-111635
lic151;10.238.146.157;0;20160422-111635
lpar105;10.255.151.9;0;20160411-151136
lpar204;10.255.251.8;1;20160404-152724
oracle1-s1;10.128.72.167;0;20160422-142059
pascal;10.255.150.136;1;20160404-141831
sabad10400;10.238.14.245;1;20160422-105451
sabad11495;10.238.198.41;10;20160219-152249
sabad15419;10.238.127.190;0;20160422-111635
sabad16148;10.236.4.148;1;20160405-144907
sabad16166;10.236.4.166;10;20160411-151136
sabad18119;10.238.168.29;0;20160422-111635
sabad18128;10.238.168.38;0;20160422-111635
sabad18137;10.238.168.47;0;20160422-111635
sabad18146;10.238.168.56;0;20160422-111635
sabad18155;10.238.168.65;0;20160422-111635
sabad18308;10.238.168.208;0;20160422-111635
sabad19019;10.128.72.202;11;20160406-091254
sabad19031-vs11;10.128.78.153;0;20160422-111635
sabad19041-vs11;10.128.78.154;0;20160422-111635
sabad19046;10.238.142.56;0;20160422-111635
sabad19064;10.128.78.157;10;20160411-151136
sabad19163;10.238.142.165;0;20160422-111635
sabad19262;10.238.142.84;0;20160422-111635
sabad19271;10.238.142.237;0;20160422-111635
sabad19307;10.238.220.67;0;20160422-142059
sabad19325;10.238.143.200;0;20160422-142059
sabad19343;10.238.220.83;0;20160422-142059
sabad19352;10.238.21.76;1;20160406-130541
sabad19361;10.238.220.86;0;20160422-142059
sabad19406;10.238.21.38;0;20160422-142059
sabad19424;10.238.21.54;0;20160422-142059
sabad19604;10.238.21.115;11;20160411-130140
sabad19640;10.238.143.141;10;20160411-151136
sabad19802;10.128.78.35;0;20160422-142059
sabad19811;10.238.21.71;0;20160422-142059
sacch15059;10.237.4.59;1;20160422-105451
sacch15158;;1;20160223-140557
sacch15167;;1;20160223-140557
sacch15563;10.239.55.18;0;20160422-111635
sacch15770;;1;20160223-140557
saguc10001;10.255.250.105;1;20160422-105451
saguc15029;;1;20160223-140557
salrh10029;10.23.97.167;0;20160422-111635
saptf10003;10.23.71.8;0;20160422-111635
sarei10007;10.23.144.10;0;20160422-111635
sarma15031;;1;20160223-140557
sarma15202;;1;20160317-095734
sarma15211;;1;20160317-095734
sautc10012;10.192.16.81;0;20160422-142059
sbbad19139;10.238.207.201;0;20160422-111635
sbbad19148;10.238.143.102;11;20160422-105451
sbbad19157;10.238.143.167;0;20160422-111635
sbbad19175;10.238.197.66;10;20160219-152249
sbbad19193;10.238.197.89;10;20160219-152249
sbcch15010;10.237.4.101;1;20160422-111635
sbcch15079;10.237.4.79;1;20160422-111635
sbcch15088;10.237.4.88;1;20160422-111635
sbrma15214;;1;20160223-140557
sc5;10.23.97.70;0;20160422-111635
sublq11486;10.112.9.15;0;20160422-111635
sublq13nlk;10.115.1.93;0;20160422-111635
sucrl1a0;10.79.2.83;0;20160422-111635
tesla;10.255.150.141;1;20160422-111635
baobab;10.18.146.243;0;20160422-111635
futuna;10.255.249.99;0;20160411-151136
gab;10.255.150.214;0;20160422-142059
iww;10.23.128.15;0;20160422-111635
kwr_zis;10.128.79.232;0;20160411-151136
lic107;10.238.146.107;0;20160422-111635
lic116;10.238.146.116;0;20160422-111635
lic125;10.238.146.125;0;20160422-111635
lic134;10.238.146.134;0;20160422-111635
lic143;10.238.146.149;0;20160422-111635
lic152;10.238.146.158;0;20160422-111635
mobius0;10.255.250.196;1;20160404-141831
multimedia;10.115.0.24;0;20160422-111635
naos;10.23.208.31;0;20160422-111635
oracle1-s2;10.128.72.176;0;20160422-142059
phoenix;10.128.77.50;10;20160411-151136
sabad10203;10.238.125.203;0;20160422-111635
sabad10212;;1;20160223-140557
sabad10221;10.238.14.221;0;20160422-111635
sabad10389;10.238.141.59;0;20160422-111635
sabad10956;10.238.11.119;10;20160210-182200
sabad11004;10.238.141.77;0;20160422-111635
sabad11478;10.238.198.30;0;20160422-111635
sabad15087;;1;20160223-140557
sabad16167;10.238.220.60;0;20160422-142059
sabad18129;10.238.168.39;0;20160422-111635
sabad18138;10.238.168.48;0;20160422-111635
sabad18147;10.238.168.57;0;20160422-111635
sabad18246;10.238.166.56;10;20160219-152249
sabad18309;10.238.168.209;0;20160422-111635
sabad18999;10.238.179.43;1;20160317-095734
sabad19047;10.238.142.55;0;20160422-111635
sabad19056;10.128.72.33;0;20160422-142059
sabad19083;10.238.21.83;1;20160406-114053
sabad19092;10.238.142.38;0;20160422-111635
sabad19263;10.238.21.109;0;20160422-142059
sabad19326;10.238.220.55;10;20160411-151136
sabad19335;10.238.16.35;10;20160411-151136
sabad19344;10.238.220.84;0;20160422-142059
sabad19353;10.238.21.79;10;20160411-151136
sabad19362;10.238.21.91;10;20160411-151136
sabad19407;10.238.21.35;10;20160411-151136
sabad19416;10.238.21.47;1;20160411-094107
sabad19425;10.238.21.25;10;20160411-151136
sabad19515;10.238.21.69;0;20160422-142059
sabad19605;10.238.21.116;1;20160411-131959
sabad19641;10.238.143.142;10;20160411-151136
sabad19803;10.128.72.82;1;20160414-094245
sabad19812;10.238.21.72;0;20160422-142059
sacch10122;10.239.15.2;0;20160422-111635
sacch10497;10.239.26.77;0;20160422-111635
sacch15000;;1;20160223-140557
sacch15087;10.255.150.49;1;20160422-111635
sacch15168;;1;20160223-140557
sacch15177;;1;20160223-140557
sacch15564;10.239.55.19;0;20160422-111635
sacch15771;;1;20160223-140557
sacrw15021;;1;20160223-140557
saptf10013;10.22.97.20;0;20160422-111635
sarma15203;;1;20160317-095734
sarma15212;;1;20160317-095734
sbbad19158;10.238.143.166;0;20160422-111635
sbbad19194;;1;20160223-140557
sbcch15011;10.237.4.104;1;20160422-111635
sbcch15089;10.237.4.89;1;20160422-111635
sbrma15215;;1;20160223-140557
ss20;10.18.0.150;0;20160422-111635
surid10002;10.192.192.53;1;20160422-111635
surma15999;;1;20160223-140557
tcein001;10.108.100.49;0;20160422-111635
v240;10.115.33.93;0;20160422-111635
watt;10.255.150.142;1;20160422-111635
buri;10.255.150.52;0;20160422-142059
frptqux3;10.22.140.100;0;20160422-111635
gcna32;10.18.0.239;0;20160422-111635
gestor;10.23.176.15;0;20160422-142059
hector;10.255.250.90;10;20160411-151136
kilby;10.255.150.127;1;20160404-141831
lancelot;10.255.150.87;10;20160411-151136
lic108;10.238.146.108;0;20160422-111635
lic117;10.238.146.117;0;20160422-111635
lic126;10.238.146.126;0;20160422-111635
lic135;10.238.146.135;0;20160422-111635
lic144;10.238.146.150;0;20160422-111635
lic153;10.238.146.159;0;20160422-111635
mobius1;10.255.250.254;1;20160404-141831
nimlta;10.255.151.10;0;20160411-151136
oracle;10.155.31.103;0;20160422-142059
oracle2-s2;10.128.72.180;10;20160411-151136
oracle3-s1;10.128.72.214;0;20160411-151136
sabad10213;;10;20160317-101501
sabad10402;10.238.125.220;1;20160317-095734
sabad10501;10.238.8.160;0;20160422-111635
sabad10957;10.238.11.120;10;20160210-182200
sabad10975;10.238.15.178;10;20160210-182200
sabad11050;10.238.37.41;10;20160210-182200
sabad11479;10.238.198.31;0;20160422-111635
sabad11497;10.238.206.220;0;20160422-111635
sabad18139;10.238.168.49;0;20160422-111635
sabad18148;10.238.168.58;0;20160422-111635
sabad18247;10.238.166.57;10;20160219-152249
sabad19030-vs1;10.128.78.70;0;20160422-111635
sabad19039;10.128.78.136;0;20160422-142059
sabad19084;10.238.142.85;0;20160422-111635
sabad19264;10.238.21.110;11;20160406-122508
sabad19327;10.238.220.77;10;20160411-151136
sabad19345;10.238.220.56;10;20160411-151136
sabad19354;10.238.21.80;10;20160411-151136
sabad19363;10.238.21.102;10;20160411-151136
sabad19408;10.238.21.39;10;20160411-151136
sabad19606;10.238.21.117;11;20160411-131959
sabad19642;10.238.143.143;10;20160411-151136
sabad19651;10.238.220.91;0;20160422-142059
sabad19741;10.238.143.191;10;20160414-094245
sacch10123;10.239.15.3;0;20160422-111635
sacch10141;10.239.14.2;0;20160422-111635
sacch10213;10.239.4.212;0;20160422-111635
sacch15169;;1;20160223-140557
sacch15178;;1;20160223-140557
sacch15592;10.239.55.22;0;20160422-111635
sacch15727;;1;20160223-140557
sacch15745;;1;20160223-140557
sacch15772;;1;20160223-140557
sakar15006;;1;20160223-140557
salpt10020;10.18.0.177;0;20160422-111635
saons10006;10.23.132.3;0;20160422-111635
saptf10005;10.23.71.100;0;20160422-111635
sarma15033;;1;20160223-140557
sarma15204;;1;20160317-095734
sarma15213;;1;20160317-095734
sarug11751;10.39.0.151;0;20160422-111635
sbbad19186;10.238.197.88;10;20160219-152249
sbbad19339;10.238.143.31;0;20160422-111635
sbcch15756;;1;20160223-140557
sncch10036;10.18.0.173;10;20160216-164554
sncch10162;10.239.4.150;0;20160422-111635
sucrl1a2;10.79.2.85;0;20160422-111635
suwin1bpps;10.164.119.70;0;20160422-111635
vpmcax10;10.128.79.248;0;20160422-111635
za21ludr-vm;;1;20160223-140557
bws-s1;10.128.72.166;1;20160404-141831
dbserv;10.23.128.34;0;20160422-111635
enterprise;10.115.0.109;0;20160422-111635
esaki;10.255.150.61;1;20160404-141831
hrkaatc;10.218.10.67;0;20160422-111635
jslrugs01;10.34.3.80;0;20160422-111635
lic109;10.238.146.109;0;20160422-111635
lic118;10.238.146.118;0;20160422-111635
lic127;10.238.146.127;1;20160422-111635
lic136;10.238.146.136;0;20160422-111635
lic145;10.238.146.151;0;20160422-111635
lic154;10.238.146.160;0;20160422-111635
oracle3-s2;10.128.72.99;0;20160411-151136
oradev1;10.255.150.108;1;20160404-141831
pmcht;10.128.72.207;11;20160404-152724
rio;10.79.2.23;0;20160422-111635
sabad10304;10.238.15.228;0;20160422-111635
sabad10403;10.238.125.221;1;20160317-095734
sabad11024;10.238.197.57;0;20160422-111635
sabad11051;10.238.37.42;10;20160210-182200
sabad11411;10.238.41.160;10;20160219-152249
sabad11489;10.238.11.25;10;20160219-152249
sabad11510;10.238.198.55;10;20160219-152249
sabad18149;10.238.168.59;0;20160422-111635
sabad19030-vs2;10.128.78.71;0;20160422-111635
sabad19031-vs1;10.128.78.79;0;20160422-111635
sabad19040-vs1;10.128.78.45;0;20160422-111635
sabad19085;10.128.78.165;0;20160422-142059
sabad19346;10.238.220.57;10;20160411-151136
sabad19355;10.238.21.85;0;20160422-142059
sabad19409;10.238.21.40;10;20160411-151136
sabad19652;10.236.4.114;11;20160411-133721
sabad19706;10.128.78.34;0;20160422-142059
sabad19742;10.238.143.192;10;20160414-094245
sabad19805;10.128.72.74;1;20160414-094245
sacch10124;10.239.15.4;0;20160422-111635
sacch10142;10.239.14.3;0;20160422-111635
sacch10250;10.239.4.70;0;20160422-111635
sacch10340;10.239.4.202;0;20160422-111635
sacch10421;10.239.14.8;10;20160219-152249
sacch15020;10.237.4.21;1;20160422-111635
sacch15089;10.255.150.65;0;20160422-111635
sacch15179;;1;20160223-140557
sacch15728;;1;20160223-140557
sacch15773;;1;20160223-140557
salpt10102;10.18.1.102;1;20160317-095734
salpt10111;10.18.1.127;1;20160223-140557
saons10007;10.23.132.4;0;20160422-111635
sarma15034;;1;20160223-140557
sarma15205;;1;20160317-095734
sarug11752;10.39.0.152;0;20160422-111635
sarug11761;10.39.0.236;0;20160422-111635
satab10010;10.23.113.25;0;20160422-111635
sbbad19001;10.238.142.181;0;20160422-111635
sbcch15022;10.237.4.23;0;20160422-111635
sbcch15121;;1;20160223-140557
sbcch15757;;1;20160223-140557
sblrh10001;10.23.97.55;0;20160422-111635
sc8;10.23.97.108;0;20160422-111635
sfons10005;10.23.128.74;0;20160422-111635
subcn13dc1;10.155.31.233;0;20160422-111635
sucrl1dma1;10.79.2.49;1;20160422-111635
aioli;10.23.208.15;0;20160422-111635
arthur;10.255.250.89;10;20160411-151136
bws-s2;10.128.72.175;1;20160404-141831
dbta05;10.18.0.185;0;20160422-111635
euler;10.255.150.138;1;20160404-141831
gama;10.255.150.193;1;20160404-141831
italie;10.23.144.49;0;20160422-111635
juliar;10.192.195.130;0;20160422-111635
jumbo;10.128.76.141;0;20160411-151136
kessel;10.255.250.223;0;20160422-142059
lic119;10.238.146.119;0;20160422-111635
lic128;10.238.146.128;0;20160422-111635
lic137;10.238.146.137;0;20160422-111635
lic146;10.238.146.152;0;20160422-111635
lic155;10.238.146.161;0;20160422-111635
oradev2;10.255.150.43;10;20160411-151136
powers1;10.216.112.71;0;20160422-142059
sabad10134;10.128.30.205;1;20160317-095734
sabad10215;10.238.14.215;0;20160422-143505
sabad10404;10.238.125.222;1;20160317-095734
sabad11034;10.238.206.155;0;20160422-111635
sabad11133;10.238.41.133;10;20160219-152249
sabad11250;10.238.37.70;10;20160219-152249
sabad11412;10.238.41.161;10;20160219-152249
sabad11511;10.238.198.56;10;20160219-152249
sabad15021;;0;20160404-131724
sabad19030-vs3;10.128.78.72;0;20160422-111635
sabad19031-vs2;10.128.78.80;0;20160422-111635
sabad19040-vs2;10.128.78.46;0;20160422-111635
sabad19041-vs1;10.128.78.74;0;20160422-111635
sabad19059;10.128.72.83;0;20160422-142059
sabad19068;10.238.142.136;0;20160422-111635
sabad19095;10.128.78.148;10;20160411-151136
sabad19338;10.238.21.138;0;20160422-142059
sabad19356;10.238.21.86;0;20160422-142059
sabad19653;10.238.220.93;11;20160411-140101
sabad19743;10.238.143.193;10;20160414-094245
sabad19806;10.128.78.128;10;20160414-094245
sacch10125;10.239.15.5;0;20160422-111635
sacch10440;10.239.25.214;1;20160223-140557
sacch15021;10.237.4.22;1;20160422-111635
sacch15030;10.237.4.29;0;20160422-111635
sacch15102;10.237.4.102;0;20160422-111635
sarma15035;;1;20160223-140557
sarma15206;;1;20160317-095734
sarug11753;10.39.0.153;0;20160422-111635
satab10002;10.23.113.84;0;20160422-111635
satab10011;10.23.113.24;0;20160422-111635
sbbad19101;10.238.143.42;0;20160422-111635
sbbad19110;10.238.143.110;0;20160422-111635
sbcch15023;10.237.4.24;0;20160422-111635
sdbad19511;10.238.143.41;0;20160422-111635
sfcch15781;;1;20160223-140557
strsrv;10.128.76.145;0;20160422-111635
surma29997;;0;20160404-131724
surma30003;;1;20160223-140557
george;10.164.119.16;0;20160422-111635
krap02;10.128.72.178;0;20160422-142059
lic129;10.238.146.129;0;20160422-111635
lic138;10.238.146.138;0;20160422-111635
lic147;10.238.146.153;0;20160422-111635
lic156;10.238.146.162;0;20160422-111635
mobius4;10.255.250.193;1;20160404-141831
nimaster2;10.128.77.75;0;20160411-151136
pmsbxep;10.236.4.120;0;20160422-142059
sabad10135;10.128.30.206;1;20160317-095734
sabad10699;10.238.15.197;10;20160210-182200
sabad11026;10.238.15.147;10;20160210-182200
sabad11251;10.238.37.71;10;20160219-152249
sabad11260;10.238.217.112;0;20160422-142059
sabad15022;10.238.198.114;0;20160422-142059
sabad18100;10.238.168.254;0;20160422-111635
sabad19031-vs3;10.128.78.81;0;20160422-111635
sabad19041-vs2;10.128.78.75;0;20160422-111635
sabad19357;10.238.21.87;0;20160422-142059
sabad19636;10.238.142.155;0;20160422-111635
sabad19654;10.236.4.115;11;20160411-145331
sabad19744;10.238.143.194;10;20160414-094245
sabad19753;10.238.143.225;11;20160414-092844
sabad19771;10.128.78.183;0;20160422-142059
sabad19780;10.238.143.37;10;20160414-094245
sabad19807;10.128.78.129;10;20160414-094245
sabad19861;10.238.132.61;0;20160422-142059
sacch10126;10.239.15.6;0;20160422-111635
sacch15004;10.237.9.25;10;20160219-152249
sacch15013;10.237.9.50;10;20160219-152249
sacch15022;10.237.9.54;10;20160219-152249
sacch15031;10.237.4.30;0;20160422-111635
sacch15103;10.237.4.103;0;20160422-111635
sacch15586;10.239.55.20;0;20160422-111635
salcr10021;10.23.81.223;0;20160422-111635
saptf10017;10.22.97.19;0;20160422-111635
saptf15003;;1;20160223-140557
sarma15207;;1;20160317-095734
sarug21186;10.34.1.69;0;20160422-111635
satab10012;10.23.113.27;0;20160422-111635
savbn10010;10.23.208.166;0;20160422-111635
sbbad19102;10.238.143.44;1;20160422-111635
sbbad19111;10.238.143.111;0;20160422-111635
sbbad19120;10.238.143.120;0;20160422-111635
sbcch10119;10.18.0.52;10;20160216-164554
sbcch10182;10.239.4.167;0;20160422-111635
sbcch10731;;1;20160223-140557
soleil;10.23.81.218;0;20160422-111635
sucha10030;10.164.170.35;0;20160422-111635
suelb10028;10.197.223.10;0;20160422-111635
suric15002;10.160.11.18;0;20160422-111635
txser01;10.192.195.64;0;20160422-111635
balor;10.34.114.246;0;20160422-111635
ibm60s;10.197.128.160;0;20160422-142059
joule;10.255.150.140;1;20160404-141831
kelvin;10.255.150.200;1;20160404-141831
lic139;10.238.146.139;0;20160422-111635
lic148;10.238.146.154;0;20160422-111635
lic157;10.238.146.163;0;20160422-111635
manille;10.79.3.17;0;20160422-111635
mobius5;10.255.250.194;1;20160404-141831
paris;10.79.3.9;0;20160422-111635
sabad10109;10.128.30.114;0;20160422-111635
sabad10217;10.238.14.217;0;20160422-143505
sabad11135;10.238.37.50;10;20160219-152249
sabad11153;10.238.196.60;0;20160422-142059
sabad11261;10.238.217.141;0;20160422-142059
sabad11441;10.238.38.79;0;20160422-142059
sabad15104;10.236.4.104;10;20160411-151136
sabad18101;10.238.168.11;0;20160422-111635
sabad18110;10.238.168.20;0;20160422-111635
sabad19010;10.238.142.88;0;20160422-111635
sabad19031-vs4;10.128.78.82;0;20160422-111635
sabad19041-vs3;10.128.78.76;0;20160422-111635
sabad19097;10.238.142.49;0;20160422-111635
sabad19100;10.128.72.50;0;20160422-142059
sabad19358;10.238.21.88;0;20160422-142059
sabad19655;10.238.220.90;10;20160411-151136
sabad19745;10.238.143.195;10;20160414-094245
sabad19754;10.238.143.226;11;20160414-093515
sabad19772;10.128.78.184;10;20160414-094245
sabad19781;10.238.143.107;0;20160422-142059
sabad19862;10.238.132.62;0;20160422-142059
sabad19961;10.238.132.20;0;20160422-142059
sabad35021;10.236.9.66;0;20160422-142059
sacch15005;10.237.9.26;10;20160219-152249
sacch15023;10.237.9.55;10;20160219-152249
sacch15569;10.239.4.207;10;20160219-152249
sarma15208;;1;20160317-095734
sbcch10732;;1;20160223-140557
erp-p47-s1;10.128.72.164;0;20160422-142059
hostname;IPServer;0;20160422-111635
inframgr;10.255.250.109;0;20160411-151136
infrastructure;10.255.150.109;0;20160411-151136
mach;10.255.150.143;1;20160404-141831
mobius6;10.255.250.192;1;20160404-141831
nimmgr;10.255.251.10;1;20160404-141831
oradwh1;10.255.250.104;1;20160404-141831
sabad11262;10.238.217.142;0;20160422-142059
sabad16140;10.238.220.140;11;20160404-163605
sabad19020;10.128.72.252;10;20160317-101501
sabad19101;10.238.21.106;0;20160422-142059
sabad19200;10.128.72.52;0;20160422-142059
sabad19746;10.238.143.196;10;20160414-094245
sabad19755;10.238.143.227;11;20160414-093954
sabad19773;10.128.78.185;0;20160422-142059
sabad19962;10.238.132.21;0;20160422-142059
sacch10425;10.239.14.9;10;20160210-182200
sacch10542;10.239.55.23;0;20160422-142059
sacch15024;10.237.9.56;10;20160219-152249
sacch15768;;1;20160223-140557
saguc15021;;1;20160223-140557
saguc15030;;1;20160223-140557
sarma15029;;1;20160223-140557
sarma15209;;1;20160317-095734
sbcch10733;;1;20160223-140557
ugs-neh;10.128.30.90;0;20160422-142059
ban;10.218.119.20;0;20160422-142059
erp-p47-s2;10.128.72.173;1;20160404-141831
hoder;10.255.150.42;10;20160411-151136
pmssm;10.128.72.253;10;20160411-151136
sabad10941v;10.238.197.72;10;20160219-152249
sabad11038;10.238.41.41;10;20160210-182200
sabad11137;10.238.41.137;10;20160219-152249
sabad11146;10.238.196.146;10;20160219-152249
sabad11227;10.238.127.247;10;20160219-152249
sabad11254;10.238.197.77;10;20160219-152249
sabad16141;10.238.220.141;11;20160405-124446
sabad19021;10.236.4.221;0;20160422-142059
sabad19102;10.128.72.51;0;20160422-142059
sabad19201;10.128.78.66;0;20160422-142059
sabad19387;10.238.143.116;0;20160422-142059
sabad19747;10.238.143.197;10;20160414-094245
sabad19774;10.128.78.186;0;20160422-142059
sabad19783;10.238.220.41;0;20160422-142059
sabad799;10.238.220.53;10;20160414-094245
sacch15025;10.237.9.58;10;20160219-152249
sacch15160;;1;20160223-140557
sacch15421;;10;20160317-101501
sacch15520;;1;20160223-140557
sacch15697;;1;20160223-140557
sacch15769;;1;20160223-140557
saguc15022;;1;20160223-140557
salcr15001;;1;20160223-140557
sarma10011;;1;20160223-140557
sarma15192;;1;20160223-140557
sbcch10734;;1;20160223-140557
sbcch15126;;1;20160223-140557
server.name;Server.IP;0;20160414-094245
sfcch15767;;1;20160223-140557
sncch10906;10.17.32.10;10;20160317-101501
aapbwc;10.128.72.179;0;20160422-142059
alti;10.255.150.50;0;20160422-142059
erp-c47-s1;10.128.72.170;0;20160422-142059
odin;10.255.151.35;10;20160411-151136
percival;10.255.150.81;10;20160411-151136
sabad10418;10.238.15.66;10;20160422-114807
sabad10670;10.238.15.87;10;20160210-182200
sabad10940;10.238.127.20;10;20160210-182200
sabad11039;10.238.41.42;10;20160210-182200
sabad11255;10.238.197.78;10;20160219-152249
sabad15026;10.238.198.105;0;20160422-142059
sabad15170;;1;20160223-140557
sabad16142;10.238.220.142;11;20160405-141704
sabad19103;10.128.72.238;11;20160406-114053
sabad19202;10.128.78.137;1;20160406-120649
sabad19301;10.238.21.97;0;20160422-142059
sabad19388;10.238.143.115;0;20160422-142059
sabad19748;10.238.143.198;10;20160414-094245
sabad19775;10.238.132.58;0;20160422-142059
sabad19784;10.238.220.43;10;20160414-094245
sacch10481;10.23.4.216;10;20160219-152249
sacch15161;;1;20160223-140557
sacch15170;;1;20160223-140557
sacch15521;;1;20160223-140557
sacch15698;;1;20160223-140557
sacch15701;;1;20160223-140557
sacch15779;;1;20160223-140557
saguc15023;;1;20160223-140557
saobe19999;;1;20160223-140557
sarma15193;;1;20160223-140557
sbrma15196;;1;20160223-140557
khephren;10.255.150.114;0;20160422-142059
nim-s1;10.236.4.90;1;20160404-141831
noe;10.255.150.180;10;20160411-151136
oraprd1;10.255.250.100;0;20160422-142059
pmsbxbi;10.128.72.55;10;20160411-151136
sabad10158;10.238.14.158;1;20160422-114807
sabad10365;10.238.141.165;10;20160210-182200
sabad10671;10.238.15.73;10;20160210-182200
sabad11139;10.238.37.60;10;20160219-152249
sabad11238;10.238.197.84;10;20160219-152249
sabad11247;10.238.41.47;10;20160219-152249
sabad11256;10.238.197.79;10;20160219-152249
sabad11355;10.238.41.80;10;20160219-152249
sabad11508;10.238.198.53;10;20160219-152249
sabad11517;;1;20160223-140557
sabad15027;10.238.198.109;0;20160422-142059
sabad15090;;1;20160317-095734
sabad15171;;1;20160223-140557
sabad16107;10.236.4.107;0;20160422-142059
sabad16143;10.238.220.143;11;20160405-141704
sabad19014;10.236.4.116;0;20160422-142059
sabad19023;10.128.78.123;1;20160406-110536
sabad19401;10.238.21.32;0;20160422-142059
sabad19410;10.238.21.41;10;20160411-151136
sabad19749;10.238.143.199;10;20160414-094245
sabad19776;10.238.132.66;0;20160422-142059
sabad19785;10.238.143.67;10;20160414-094245
sacch10482;10.23.4.214;10;20160219-152249
sacch15162;;1;20160223-140557
sacch15171;;1;20160223-140557
sacch15180;;1;20160223-140557
sacch15522;;1;20160223-140557
sacch15699;;1;20160223-140557
sacch15702;;1;20160223-140557
saguc15024;;1;20160223-140557
salrh15001;10.23.97.40;1;20160317-122122
sarma10658;;1;20160223-140557
sarma15194;;1;20160223-140557
sbrma15197;;1;20160223-140557
succh30003;;1;20160223-140557
cook;10.255.250.191;1;20160411-091517
fermat;10.255.150.182;1;20160404-141831
nim-s2;10.238.21.31;0;20160411-151136
oz;10.255.150.164;1;20160404-141831
sabad10186;10.128.30.243;1;20160317-095734
sabad10762;10.238.15.67;10;20160210-182200
sabad10942;10.238.206.175;1;20160223-140557
sabad11239;10.238.197.85;10;20160219-152249
sabad11248;10.238.41.48;10;20160219-152249
sabad11257;10.238.197.80;10;20160219-152249
sabad11491;10.238.82.92;0;20160422-142059
sabad11509;10.238.198.54;10;20160219-152249
sabad11518;;1;20160223-140557
sabad15091;;1;20160317-095734
sabad15172;;1;20160223-140557
sabad16108;10.236.4.108;10;20160411-151136
sabad19015;10.128.72.28;11;20160405-151047
sabad19024;10.128.78.124;11;20160406-110536
sabad19303;10.238.220.54;0;20160422-142059
sabad19330;10.238.220.78;0;20160422-142059
sabad19402;10.238.21.36;11;20160406-130541
sabad19411;10.238.21.42;11;20160411-091517
sabad19501;10.238.15.30;10;20160411-151136
sabad19510;10.238.143.65;0;20160411-151136
sabad19696;10.128.78.64;0;20160422-142059
sabad19777;;1;20160223-140557
sabad19786;10.238.220.48;0;20160422-142059
sablr15002;10.107.138.163;0;20160422-142059
sacch10447;10.239.25.232;10;20160219-152249
sacch15163;;1;20160223-140557
sacch15172;;1;20160223-140557
sacch15523;;1;20160223-140557
sacch15613;10.23.4.238;10;20160219-152249
saguc15025;;1;20160223-140557
saled15001;;1;20160223-140557
satab15004;;1;20160223-140557
subad11501;;1;20160223-140557
erp-v47-s1;10.128.72.165;1;20160404-141831
lpar201;10.255.251.5;1;20160404-152724
ohm;10.255.150.211;1;20160404-141831
proust;10.255.150.225;1;20160404-162321
sabad10187;10.128.30.242;1;20160317-095734
sabad10367;10.238.15.78;10;20160422-114807
sabad10466;10.238.15.50;10;20160422-114807
sabad10574;10.238.15.100;10;20160422-114807
sabad10637;10.238.15.137;10;20160422-114807
sabad10673;;1;20160223-140557
sabad10952;10.238.11.55;10;20160210-182200
sabad11249;10.238.41.49;10;20160219-152249
sabad11258;10.238.197.82;10;20160422-114807
sabad11357;10.238.41.82;10;20160219-152249
sabad11384;10.238.41.45;10;20160219-152249
sabad11492;10.238.82.93;0;20160422-142059
sabad11519;;1;20160223-140557
sabad15092;;1;20160317-095734
sabad15164;10.236.4.164;10;20160411-151136
sabad15173;;1;20160223-140557
sabad16145;10.236.4.145;11;20160405-142404
sabad19016;10.128.72.98;11;20160406-090848
sabad19025;10.128.78.125;0;20160422-142059
sabad19331;10.238.220.79;10;20160411-151136
sabad19340;10.238.220.80;0;20160422-142059
sabad19403;10.238.21.33;11;20160406-143256
sabad19421;10.128.72.56;10;20160411-151136
sabad19502;10.238.15.33;10;20160411-151136
sabad19511;10.128.79.202;10;20160411-151136
sabad19601;10.238.220.45;0;20160422-142059
sabad19697;10.128.78.53;10;20160411-151136
sabad19778;10.238.132.67;0;20160422-142059
sabad19787;10.238.220.50;0;20160422-142059
sabad35018;10.236.9.58;10;20160219-152249
sacch10448;10.239.25.233;10;20160219-152249
sacch15164;;1;20160223-140557
sacch15173;;1;20160223-140557
sacch15425;;10;20160317-101501
sacch15623;10.239.26.115;10;20160219-152249
sacch15704;;1;20160223-140557
saguc15026;;1;20160223-140557
sarma15196;;1;20160223-140557
sarma15718;;1;20160223-140557
sbbad19181;10.238.217.181;0;20160422-142059
oudini;10.255.150.162;0;20160422-161546
orapas1;10.255.250.110;0;20160422-161546
potter;10.255.150.161;0;20160422-161546
sabad10011;10.238.14.30;1;20170306-101313
sabad10179;10.238.126.179;2;20170306-101313
sabad10773;10.238.127.69;1;20170306-101313
sabad10935;10.238.127.166;1;20170306-101313
sabad10953;10.238.206.153;2;20170306-101313
sabad10962;10.238.206.149;2;20170306-101313
sabad10971;10.238.127.169;2;20170306-101313
sabad11010;10.238.196.125;1;20170306-101313
sabad11178;10.238.40.78;1;20170306-101313
sabad11376;10.238.219.125;1;20170306-101313
sabad11394;10.238.196.158;1;20170306-101313
sabad11448;10.238.206.48;1;20170306-101313
sabad18207;10.238.164.17;1;20170306-101313
sabad18216;10.238.164.26;1;20170306-101313
sabad18225;10.238.164.35;1;20170306-101313
sabad18234;10.238.164.44;1;20170306-101313
sabad18243;10.238.164.53;1;20170306-101313
sabad18252;10.238.164.62;1;20170306-101313
sabad18405;10.238.199.21;1;20170306-101313
sabad18414;10.238.199.30;1;20170306-101313
sabad18423;10.238.199.39;1;20170306-101313
sabad18432;10.238.199.48;1;20170306-101313
sabad18441;10.238.199.57;1;20170306-101313
sabad35037;10.236.9.83;2;20170306-101313
sabad35055;10.236.9.112;2;20170306-101313
sablq11621;10.115.1.38;1;20170306-101313
sacch10101;10.17.36.40;1;20170306-101313
sacch10449;10.239.25.234;1;20170306-101313
sacch10458;10.239.25.231;1;20170306-101313
sacch10467;10.239.25.249;1;20170306-101313
sacch10494;10.17.37.25;2;20170306-101313
sacch10854;10.239.25.182;2;20170306-101313
sacch15651;10.239.27.51;1;20170306-101313
sacch35046;10.237.9.108;1;20170306-101313
sacch35055;10.237.9.117;1;20170306-101313
sacch35073;10.237.9.142;1;20170306-101313
sacch35091;10.237.9.165;1;20170306-101313
sacrl1gla2;10.79.2.56;1;20170306-101313
salrh10036;10.23.97.187;1;20170306-101313
sante10006;10.18.0.137;1;20170306-101313
savbn10027;10.23.208.49;1;20170306-101313
sbspm10001;10.155.24.80;1;20170306-101313
sumlm10005;10.123.134.14;2;20170306-101313
surug11465;10.39.18.33;2;20170306-101313
sycomore;10.18.146.210;2;20170306-101313
sabad10774;10.238.125.89;2;20170306-101313
sabad10954;10.238.14.56;2;20170306-101313
sabad10963;10.238.126.184;1;20170306-101313
sabad11188;10.238.196.88;1;20170306-101313
sabad11197;10.238.196.114;2;20170306-101313
sabad11278;10.238.14.88;1;20170306-101313
sabad11368;10.238.196.170;1;20170306-101313
sabad11377;10.238.219.126;1;20170306-101313
sabad11395;10.238.196.159;1;20170306-101313
sabad11467;10.238.198.23;2;20170306-101313
sabad18208;10.238.164.18;1;20170306-101313
sabad18217;10.238.164.27;1;20170306-101313
sabad18226;10.238.164.36;1;20170306-101313
sabad18235;10.238.164.45;1;20170306-101313
sabad18244;10.238.164.54;1;20170306-101313
sabad18253;10.238.164.63;1;20170306-101313
sabad18406;10.238.199.22;1;20170306-101313
sabad18415;10.238.199.31;1;20170306-101313
sabad18424;10.238.199.40;1;20170306-101313
sabad18433;10.238.199.49;1;20170306-101313
sabad18442;10.238.199.58;1;20170306-101313
sabad18997;10.238.179.41;2;20170306-101313
sabad35038;;2;20170306-101313
sacch10468;10.239.25.163;1;20170306-101313
sacch10855;10.239.25.183;2;20170306-101313
sacch15553;10.239.26.159;1;20170306-101313
sacch15616;10.239.4.208;1;20170306-101313
sacch15652;10.239.27.50;1;20170306-101313
sacch15670;10.239.27.70;1;20170306-101313
sacch15706;10.239.27.106;1;20170306-101313
sacch35056;10.237.9.118;1;20170306-101313
sacch35065;10.237.9.131;1;20170306-101313
sante10007;10.18.208.45;2;20170306-101313
saptf10020;10.22.97.101;1;20170306-101313
sarug12036;10.39.0.235;2;20170306-101313
sasao10324;10.81.129.176;2;20170306-101313
savbn10019;10.23.208.33;1;20170306-101313
savbn10028;10.23.208.29;2;20170306-101313
sbspm10002;10.155.24.81;1;20170306-101313
sulpt15001;10.18.0.235;1;20170306-101313
sutra15001;10.155.143.80;2;20170306-101313
networker;10.23.67.7;2;20170306-101313
sabad10298;10.238.125.98;2;20170306-101313
sabad10568;10.238.125.68;2;20170306-101313
sabad10955;10.238.206.154;1;20170306-101313
sabad10964;10.238.126.185;1;20170306-101313
sabad10973;10.238.14.176;1;20170306-101313
sabad11189;10.238.196.89;1;20170306-101313
sabad11210;10.238.127.56;1;20170306-101313
sabad11279;10.238.14.89;2;20170306-101313
sabad11369;10.238.196.171;2;20170306-101313
sabad18209;10.238.164.19;1;20170306-101313
sabad18218;10.238.164.28;1;20170306-101313
sabad18227;10.238.164.37;1;20170306-101313
sabad18236;10.238.164.46;1;20170306-101313
sabad18245;10.238.164.55;1;20170306-101313
sabad18254;10.238.164.64;1;20170306-101313
sabad18407;10.238.199.23;1;20170306-101313
sabad18416;10.238.199.32;1;20170306-101313
sabad18425;10.238.199.41;1;20170306-101313
sabad18434;10.238.199.50;1;20170306-101313
sabad18443;10.238.199.59;1;20170306-101313
sabad18998;10.238.179.42;2;20170306-101313
sabad35039;10.238.101.189;2;20170306-101313
sabor15220;10.18.92.29;2;20170306-101313
sabrs15001;10.38.3.26;2;20170306-101313
sacch10469;10.239.25.193;1;20170306-101313
sacch10496;10.239.26.76;1;20170306-101313
sacch15554;10.239.26.161;1;20170306-101313
sacch15617;10.23.31.24;2;20170306-101313
sacch15653;10.239.27.53;1;20170306-101313
sacch15707;10.239.27.107;1;20170306-101313
saptf10021;10.22.97.102;1;20170306-101313
sarei10016;10.23.144.56;2;20170306-101313
sarma15013;10.238.198.222;1;20170306-101313
sassg10130;10.115.49.130;1;20170306-101313
savbn10029;10.23.208.67;1;20170306-101313
sbbad19184;10.238.197.74;1;20170306-101313
sbbir10001;10.129.131.100;1;20170306-101313
sbcch15655;10.239.26.125;1;20170306-101313
sbssg15001;10.115.48.12;1;20170306-101313
suric10002;10.164.24.140;1;20170306-101313
suwin1nwkr;10.164.119.129;2;20170306-101313
sabad10131;10.128.30.202;1;20170306-101313
sabad10299;10.238.125.99;2;20170306-101313
sabad11121;10.238.196.53;2;20170306-101313
sabad11211;10.238.127.75;1;20170306-101313
sabad11289;10.238.196.234;2;20170306-101313
sabad11388;10.238.196.175;2;20170306-101313
sabad11397;10.238.197.75;2;20170306-101313
sabad18219;10.238.164.29;1;20170306-101313
sabad18228;10.238.164.38;1;20170306-101313
sabad18237;10.238.164.47;1;20170306-101313
sabad18255;10.238.164.65;1;20170306-101313
sabad18291;10.238.164.111;2;20170306-101313
sabad18408;10.238.199.24;1;20170306-101313
sabad18417;10.238.199.33;1;20170306-101313
sabad18426;10.238.199.42;1;20170306-101313
sabad18435;10.238.199.51;1;20170306-101313
sabad18444;10.238.199.60;1;20170306-101313
sabor15230;10.23.176.166;2;20170306-101313
sacch10500;10.239.26.75;1;20170306-101313
sacch15069;10.239.26.80;2;20170306-101313
sacch15555;10.239.26.162;1;20170306-101313
sacch15636;;2;20170306-101313
sacch15654;10.239.27.54;1;20170306-101313
sacch15663;10.239.27.63;1;20170306-101313
sacch15690;;2;20170306-101313
sacch15708;10.239.27.108;1;20170306-101313
sacch35049;10.237.9.111;1;20170306-101313
sacch35058;10.237.9.125;1;20170306-101313
salpt10100;10.18.1.110;2;20170306-101313
sarei10017;10.23.144.247;1;20170306-101313
sarug35042;10.39.1.139;2;20170306-101313
sassg10131;10.115.49.131;1;20170306-101313
sbcch15656;10.239.26.188;1;20170306-101313
sbptf15001;10.22.97.106;1;20170306-101313
sncch10035;10.18.0.165;1;20170306-101313
suelb15001;10.197.128.31;1;20170306-101313
suqhp10276;10.83.2.80;2;20170306-101313
suric1nwkr;10.164.24.150;2;20170306-101313
sutrc1plm1;10.92.0.30;2;20170306-101313
u2200;10.18.146.238;2;20170306-101313
sabad10510;10.238.125.163;1;20170306-101313
sabad10597;10.238.125.197;1;20170306-101313
sabad10867;10.238.127.62;1;20170306-101313
sabad10894;10.238.125.94;2;20170306-101313
sabad10939;10.238.127.237;2;20170306-101313
sabad11005;10.238.141.78;1;20170306-101313
sabad11212;10.238.127.157;1;20170306-101313
sabad11389;10.238.196.183;2;20170306-101313
sabad18229;10.238.164.39;1;20170306-101313
sabad18238;10.238.164.48;1;20170306-101313
sabad18256;10.238.164.66;1;20170306-101313
sabad18292;10.238.164.112;1;20170306-101313
sabad18409;10.238.199.25;1;20170306-101313
sabad18418;10.238.199.34;1;20170306-101313
sabad18427;10.238.199.43;1;20170306-101313
sabad18436;10.238.199.52;1;20170306-101313
sabad18445;10.238.199.61;1;20170306-101313
sablq130h0;10.115.1.12;2;20170306-101313
sabor10047;10.18.92.164;2;20170306-101313
sabor15231;10.23.176.167;2;20170306-101313
sacch10498;10.239.26.78;1;20170306-101313
sacch10501;10.239.26.73;1;20170306-101313
sacch15100;10.239.14.20;1;20170306-101313
sacch15637;10.239.27.34;2;20170306-101313
sacch15664;10.239.27.64;1;20170306-101313
sacch15709;10.239.27.109;1;20170306-101313
sacch35059;10.237.9.128;1;20170306-101313
salpt10098;10.18.129.72;2;20170306-101313
sarei10018;10.23.144.248;1;20170306-101313
sbbor15054;10.18.92.169;2;20170306-101313
sbcch15585;10.239.26.192;1;20170306-101313
subjs15001;10.96.160.38;1;20170306-101313
sukar10002;10.218.10.86;2;20170306-101313
sabad10043;10.128.30.81;1;20170306-101313
sabad10133;10.128.30.204;1;20170306-101313
sabad10511;10.238.125.164;1;20170306-101313
sabad10967;10.238.126.188;1;20170306-101313
sabad10976;10.238.14.179;1;20170306-101313
sabad11060;10.238.101.145;2;20170306-101313
sabad11150;10.238.196.66;1;20170306-101313
sabad11213;10.238.127.194;1;20170306-101313
sabad11240;10.238.126.67;2;20170306-101313
sabad18239;10.238.164.49;1;20170306-101313
sabad18248;10.238.164.58;1;20170306-101313
sabad18293;10.238.164.113;1;20170306-101313
sabad18419;10.238.199.35;1;20170306-101313
sabad18428;10.238.199.44;1;20170306-101313
sabad18437;10.238.199.53;1;20170306-101313
sabad18446;10.238.199.62;1;20170306-101313
sacch10205;10.239.4.206;1;20170306-101313
sacch10223;10.239.4.226;2;20170306-101313
sacch10499;10.239.26.74;1;20170306-101313
sacch15101;10.239.27.24;2;20170306-101313
sacch15638;10.239.27.35;2;20170306-101313
sacch15665;10.239.27.65;2;20170306-101313
sbbad35012;10.236.9.109;2;20170306-101313
sbcch10207;10.239.4.209;2;20170306-101313
sbwin1orap;10.164.119.51;1;20170306-101313
sfgnb10018;10.18.146.176;2;20170306-101313
sfrug15017;10.39.0.157;1;20170306-101313
sucha10001;10.164.170.46;2;20170306-101313
suelb10080;10.197.128.80;1;20170306-101313
surid10004;10.192.192.58;2;20170306-101313
surug15001;10.39.0.129;1;20170306-101313
surug19048;10.39.0.167;2;20170306-101313
suus0301;10.128.72.39;2;20170306-101313
baan4v;10.180.119.2;1;20170306-101313
sabad10422;10.238.14.23;1;20170306-101313
sabad10611;10.238.141.111;1;20170306-101313
sabad10698;10.238.14.198;1;20170306-101313
sabad11025;10.238.126.229;2;20170306-101313
sabad11052;10.238.126.55;2;20170306-101313
sabad11061;10.238.101.146;2;20170306-101313
sabad11124;10.238.196.58;1;20170306-101313
sabad11151;10.238.196.67;1;20170306-101313
sabad11214;10.238.127.250;1;20170306-101313
sabad15030;10.235.202.168;1;20170306-101313
sabad15201;10.238.198.63;1;20170306-101313
sabad15210;10.238.198.205;1;20170306-101313
sabad18249;10.238.164.59;1;20170306-101313
sabad18294;10.238.164.114;1;20170306-101313
sabad18429;10.238.199.45;1;20170306-101313
sabad18438;10.238.199.54;1;20170306-101313
sabad18447;10.238.199.63;1;20170306-101313
sabad35010;10.236.9.39;1;20170306-101313
sacch10062;10.23.4.36;1;20170306-101313
sacch10305;10.239.25.54;2;20170306-101313
sacch15012;10.237.9.45;1;20170306-101313
sacch15099;10.239.27.22;1;20170306-101313
sacch15639;10.239.27.36;1;20170306-101313
sacch15657;10.239.27.57;1;20170306-101313
sacch15666;10.239.27.66;1;20170306-101313
sacch35088;10.237.9.162;1;20170306-101313
sacch35100;10.237.9.179;1;20170306-101313
sasaa15017;10.109.0.103;2;20170306-101313
satab10020;10.23.113.5;2;20170306-101313
sbbad10038;10.238.198.153;1;20170306-101313
sbbad11361;10.238.197.200;1;20170306-101313
sbblr10003;10.107.138.172;1;20170306-101313
sblrh15039;10.23.97.53;1;20170306-101313
sfgnb10019;10.18.146.175;2;20170306-101313
sncch10038;10.18.0.172;1;20170306-101313
sncch10416;10.239.14.7;1;20170306-101313
subud15009;10.180.112.32;1;20170306-101313
suric15001;10.164.24.176;1;20170306-101313
surug19049;10.39.0.168;2;20170306-101313
sutys1nwkr;10.164.146.26;2;20170306-101313
suus0401;10.128.72.38;2;20170306-101313
suwin1prof;10.164.119.189;2;20170306-101313
frdtc01ns85lx;10.255.249.63;2;20170306-101313
sabad10126;10.238.198.171;2;20170306-101313
sabad10612;10.238.141.112;1;20170306-101313
sabad11035;10.238.206.156;2;20170306-101313
sabad11053;10.238.126.56;2;20170306-101313
sabad11125;10.238.196.59;1;20170306-101313
sabad11530;10.238.208.33;2;20170306-101313
sabad15031;10.235.202.163;1;20170306-101313
sabad18439;10.238.199.55;1;20170306-101313
sabad18448;10.238.199.64;1;20170306-101313
sabad35011;10.236.9.41;2;20170306-101313
sacch10450;10.239.25.235;1;20170306-101313
sacch15658;10.239.27.58;1;20170306-101313
sacch15667;10.239.27.67;2;20170306-101313
sacch15856;10.239.26.120;2;20170306-101313
sacch35089;10.237.9.163;1;20170306-101313
sacch35101;10.237.9.180;1;20170306-101313
sacch35110;10.237.9.190;2;20170306-101313
satab10021;10.23.113.29;1;20170306-101313
savst15160;10.205.132.68;1;20170306-101313
sbbad11290;10.238.197.53;1;20170306-101313
sbbad11362;10.238.197.201;1;20170306-101313
subdq20059;10.107.148.98;2;20170306-101313
subor15001;10.18.92.175;2;20170306-101313
sucha1nwkr;10.164.170.73;2;20170306-101313
sujpt10001;10.167.23.103;2;20170306-101313
vpf;10.23.71.190;1;20170306-101313
ns0;10.34.2.65;2;20170306-101313
sabad10541;10.238.125.46;2;20170306-101313
sabad10721;10.238.179.44;2;20170306-101313
sabad10811;10.238.141.50;1;20170306-101313
sabad11315;10.238.198.150;1;20170306-101313
sabad11360;10.238.217.85;2;20170306-101313
sabad11414;10.238.196.220;1;20170306-101313
sabad11504;10.238.206.90;1;20170306-101313
sabad11531;10.238.208.34;2;20170306-101313
sabad11900;10.236.20.15;2;20170306-101313
sabad15014;10.238.37.80;1;20170306-101313
sabad15023;10.235.202.170;1;20170306-101313
sabad15032;10.235.202.159;2;20170306-101313
sabad18200;10.238.164.254;1;20170306-101313
sabad35012;10.236.9.35;1;20170306-101313
sacch10172;10.239.4.162;1;20170306-101313
sacch10424;10.239.15.12;2;20170306-101313
sacch10451;10.239.25.236;1;20170306-101313
sacch10997;10.18.0.182;2;20170306-101313
sacch15668;10.239.27.68;1;20170306-101313
sacch15857;10.235.194.204;1;20170306-101313
sacch35102;10.237.9.181;1;20170306-101313
sacrl15040;10.79.2.24;1;20170306-101313
salcr10022;10.23.81.222;2;20170306-101313
sarug11782;10.39.0.148;1;20170306-101313
satab10022;10.23.113.30;1;20170306-101313
sbbad11291;10.238.197.54;1;20170306-101313
sbbad11363;10.238.197.202;1;20170306-101313
sbwin1oras;10.164.119.52;1;20170306-101313
subad30000;10.236.9.113;2;20170306-101313
sucrl10001;10.79.2.159;2;20170306-101313
sukar15001;10.218.10.87;2;20170306-101313
suroc1nwkr;10.163.64.55;2;20170306-101313
sabad10128;10.238.198.170;2;20170306-101313
sabad10290;10.238.127.249;1;20170306-101313
sabad10614;10.238.125.214;1;20170306-101313
sabad10650;10.238.142.150;1;20170306-101313
sabad10722;10.238.179.45;2;20170306-101313
sabad10803;10.238.14.83;2;20170306-101313
sabad11055;10.238.101.140;2;20170306-101313
sabad11091;10.238.196.44;1;20170306-101313
sabad11154;10.238.196.61;1;20170306-101313
sabad11172;10.238.196.172;1;20170306-101313
sabad11190;10.238.41.90;1;20170306-101313
sabad11217;10.238.206.217;1;20170306-101313
sabad11307;10.238.196.177;1;20170306-101313
sabad11415;10.238.196.221;1;20170306-101313
sabad11532;10.238.208.35;2;20170306-101313
sabad15024;10.235.202.166;1;20170306-101313
sabad18201;10.238.164.11;2;20170306-101313
sabad18210;10.238.164.20;1;20170306-101313
sabad35013;10.236.9.42;1;20170306-101313
sabad35031;;2;20170306-101313
sabad35040;10.238.101.190;2;20170306-101313
sacch10173;10.239.4.156;1;20170306-101313
sacch10452;10.239.25.250;2;20170306-101313
sacch10470;10.239.25.176;2;20170306-101313
sacch10650;10.18.0.105;2;20170306-101313
sacch10998;10.18.0.179;2;20170306-101313
sacch15006;10.239.26.176;2;20170306-101313
sacch15015;10.237.9.51;1;20170306-101313
sacch15669;10.239.27.69;1;20170306-101313
sacch15858;10.235.194.205;1;20170306-101313
sacch35103;10.237.9.182;1;20170306-101313
sacrl10037;10.79.2.230;1;20170306-101313
sacrl15041;10.79.2.25;1;20170306-101313
salrh10021;10.23.97.75;1;20170306-101313
saous10041;10.23.4.209;1;20170306-101313
saptf10019;10.22.97.96;2;20170306-101313
sarma10001;10.238.127.10;2;20170306-101313
satrc15001;10.92.2.43;2;20170306-101313
savbn10021;10.23.208.44;1;20170306-101313
savst18501;10.205.132.69;2;20170306-101313
sncch10293;10.239.4.149;2;20170306-101313
subcn15001;10.153.6.152;2;20170306-101313
sujpt1nwkr;10.167.23.96;2;20170306-101313
susrd15001;10.34.128.35;1;20170306-101313
suwnd10001;10.164.119.130;2;20170306-101313
suwuh15001;10.99.163.209;2;20170306-101313
sabad10129;10.238.126.129;2;20170306-101313
sabad10228;10.238.125.228;1;20170306-101313
sabad10255;10.238.141.55;2;20170306-101313
sabad10453;10.238.126.145;1;20170306-101313
sabad10507;10.238.125.160;1;20170306-101313
sabad10651;10.238.142.151;1;20170306-101313
sabad10660;10.238.126.160;2;20170306-101313
sabad10723;10.238.179.47;2;20170306-101313
sabad10804;10.238.14.84;2;20170306-101313
sabad11056;10.238.101.141;2;20170306-101313
sabad11092;10.238.196.45;2;20170306-101313
sabad11173;10.238.196.173;1;20170306-101313
sabad11209;10.238.127.55;1;20170306-101313
sabad11218;10.238.206.218;1;20170306-101313
sabad11371;10.238.219.120;1;20170306-101313
sabad11416;10.238.196.222;1;20170306-101313
sabad11434;10.236.59.44;2;20170306-101313
sabad11443;10.238.206.126;2;20170306-101313
sabad11461;10.238.41.56;1;20170306-101313
sabad11470;10.238.198.24;1;20170306-101313
sabad15025;10.235.202.161;1;20170306-101313
sabad18202;10.238.164.12;2;20170306-101313
sabad18211;10.238.164.21;1;20170306-101313
sabad18220;10.238.164.30;1;20170306-101313
sabad18400;10.238.199.16;1;20170306-101313
sabad35014;10.236.9.43;1;20170306-101313
sabad35032;10.236.9.78;2;20170306-101313
sabad35041;10.238.101.191;2;20170306-101313
sablq10131;10.115.0.131;1;20170306-101313
sacch10426;10.239.25.204;2;20170306-101313
sacch10453;10.239.25.243;1;20170306-101313
sacch10651;10.18.0.106;2;20170306-101313
sacch10999;10.18.0.175;2;20170306-101313
sacch35023;10.237.9.84;1;20170306-101313
sacch35050;10.237.9.112;1;20170306-101313
sacch35104;10.237.9.183;1;20170306-101313
salrh10040;10.23.97.37;1;20170306-101313
samad15006;10.155.1.48;1;20170306-101313
sapre11921;10.38.96.42;2;20170306-101313
sasav15024;10.115.33.151;1;20170306-101313
satsn15023;10.99.146.36;2;20170306-101313
sbrei10012;10.23.144.55;1;20170306-101313
sncch10294;10.239.4.79;2;20170306-101313
subcn15002;10.153.6.9;2;20170306-101313
sucha15001;10.164.170.12;2;20170306-101313
suwnd10002;10.164.119.134;2;20170306-101313
frdtc01as87lx;10.255.149.38;2;20170306-101313
frvbn02fs04;10.249.117.70;2;20170306-101313
frzrp01as01;10.22.201.29;2;20170306-101313
sabad10337;10.238.14.28;2;20170306-101313
sabad10508;10.238.125.161;1;20170306-101313
sabad10652;10.238.142.152;2;20170306-101313
sabad10724;10.238.179.48;2;20170306-101313
sabad11057;10.238.126.90;2;20170306-101313
sabad11084;10.238.196.84;2;20170306-101313
sabad11156;10.238.41.156;1;20170306-101313
sabad11174;10.238.196.174;1;20170306-101313
sabad11354;10.238.196.68;1;20170306-101313
sabad11372;10.238.219.121;1;20170306-101313
sabad11444;10.238.206.127;2;20170306-101313
sabad11471;10.238.198.25;1;20170306-101313
sabad15206;10.238.198.201;1;20170306-101313
sabad18203;10.238.164.13;1;20170306-101313
sabad18212;10.238.164.22;1;20170306-101313
sabad18221;10.238.164.31;1;20170306-101313
sabad18230;10.238.164.40;1;20170306-101313
sabad18299;10.238.164.100;1;20170306-101313
sabad18401;10.238.199.17;1;20170306-101313
sabad18410;10.238.199.26;1;20170306-101313
sabad35042;10.238.101.192;2;20170306-101313
sablq10132;10.115.0.132;1;20170306-101313
sacch10553;10.239.26.214;1;20170306-101313
sacch15008;10.237.9.42;1;20170306-101313
sacch15710;10.239.27.110;1;20170306-101313
sacch35024;10.237.9.85;1;20170306-101313
sacch35051;10.237.9.113;1;20170306-101313
sacch35060;10.237.9.126;1;20170306-101313
sacch35105;10.237.9.184;1;20170306-101313
salrh10041;10.23.97.38;1;20170306-101313
samad15007;10.155.1.49;1;20170306-101313
sasav15025;10.115.33.152;1;20170306-101313
sashah0494;10.236.187.44;2;20170306-101313
sbbad35135;10.236.9.124;2;20170306-101313
sbwnd1ora1;10.164.119.54;1;20170306-101313
sncch10547;10.239.26.169;2;20170306-101313
suwin1wbsp;10.164.119.41;1;20170306-101313
suwnd10003;10.164.119.136;2;20170306-101313
frdtc01as88lx;10.255.249.112;2;20170306-101313
nisrv;10.23.113.52;1;20170306-101313
sabad10509;10.238.125.162;1;20170306-101313
sabad10653;10.238.125.53;1;20170306-101313
sabad10752;10.238.127.76;1;20170306-101313
sabad11058;10.238.126.91;2;20170306-101313
sabad11085;10.238.196.85;1;20170306-101313
sabad11148;10.238.206.129;1;20170306-101313
sabad11184;10.238.14.81;2;20170306-101313
sabad11373;10.238.219.122;2;20170306-101313
sabad11445;10.238.217.101;1;20170306-101313
sabad11535;10.238.198.89;2;20170306-101313
sabad11904;10.236.9.30;2;20170306-101313
sabad15207;10.238.198.202;1;20170306-101313
sabad18204;10.238.164.14;1;20170306-101313
sabad18213;10.238.164.23;1;20170306-101313
sabad18222;10.238.164.32;1;20170306-101313
sabad18231;10.238.164.41;1;20170306-101313
sabad18240;10.238.164.50;1;20170306-101313
sabad18402;10.238.199.18;1;20170306-101313
sabad18411;10.238.199.27;1;20170306-101313
sabad18420;10.238.199.36;1;20170306-101313
sabad35034;10.236.9.80;2;20170306-101313
sacch10356;10.239.25.128;1;20170306-101313
sacch10509;10.239.26.109;1;20170306-101313
sacch10554;10.239.26.217;1;20170306-101313
sacch10653;10.237.40.11;2;20170306-101313
sacch15009;10.237.9.43;1;20170306-101313
sacch15711;10.239.27.111;1;20170306-101313
sacch35025;10.237.9.86;1;20170306-101313
sacch35034;10.237.9.99;1;20170306-101313
sacch35052;10.237.9.114;1;20170306-101313
sacch35061;10.237.9.127;1;20170306-101313
sacch35106;10.237.9.185;1;20170306-101313
sagnb10021;10.18.146.217;2;20170306-101313
sarma10004;10.236.20.24;2;20170306-101313
sarug11966;10.39.0.222;2;20170306-101313
sbbad19170;10.238.196.132;1;20170306-101313
sbvbn15031;10.23.208.55;1;20170306-101313
sbwnd1ora2;10.164.119.233;1;20170306-101313
sncch10548;10.239.26.168;2;20170306-101313
suelb15091;10.197.128.58;2;20170306-101313
sunwk10001;10.235.187.44;2;20170306-101313
cnsha01as06lx;10.98.180.9;2;20170306-101313
mnode0;10.197.128.111;1;20170306-101313
ns1.power.alstom.com;10.34.9.5;2;20170306-101313
sabad10780;10.238.28.28;1;20170306-101313
sabad10834;10.238.14.85;2;20170306-101313
sabad11086;10.238.196.86;2;20170306-101313
sabad11158;10.238.41.158;1;20170306-101313
sabad11167;10.238.196.167;2;20170306-101313
sabad11185;10.238.127.252;1;20170306-101313
sabad11284;10.238.196.204;1;20170306-101313
sabad11374;10.238.219.123;1;20170306-101313
sabad11446;10.238.217.102;1;20170306-101313
sabad15028;10.235.202.167;1;20170306-101313
sabad15208;10.238.198.203;1;20170306-101313
sabad18205;10.238.164.15;1;20170306-101313
sabad18214;10.238.164.24;1;20170306-101313
sabad18223;10.238.164.33;1;20170306-101313
sabad18232;10.238.164.42;1;20170306-101313
sabad18241;10.238.164.51;1;20170306-101313
sabad18250;10.238.164.60;1;20170306-101313
sabad18403;10.238.199.19;1;20170306-101313
sabad18412;10.238.199.28;1;20170306-101313
sabad18421;10.238.199.37;1;20170306-101313
sabad18430;10.238.199.46;1;20170306-101313
sabad35035;10.236.9.81;2;20170306-101313
sablr15020;10.107.138.126;1;20170306-101313
sacch10384;10.239.25.173;1;20170306-101313
sacch10654;10.237.21.100;2;20170306-101313
sacch15622;10.239.26.150;2;20170306-101313
sacch15712;10.239.27.112;1;20170306-101313
sacch35035;10.237.9.100;1;20170306-101313
sacch35044;10.237.9.98;1;20170306-101313
sacch35053;10.237.9.115;1;20170306-101313
sacch35071;10.237.9.140;1;20170306-101313
sacch35107;10.237.9.186;1;20170306-101313
sacch35116;10.237.9.196;1;20170306-101313
salrh10034;10.23.96.28;2;20170306-101313
samow15009;10.139.133.22;2;20170306-101313
sarug11796;10.39.0.126;2;20170306-101313
sarug41883;10.39.0.171;2;20170306-101313
savbn10034;10.23.208.84;1;20170306-101313
sbbad19171;10.238.196.133;1;20170306-101313
sbbad19180;10.238.197.71;1;20170306-101313
sblrh15040;10.23.97.52;1;20170306-101313
sorug19023;10.39.0.27;2;20170306-101313
suelb15065;10.197.128.66;2;20170306-101313
suhtl10001;10.237.187.44;2;20170306-101313
sumow15001;10.139.133.16;2;20170306-101313
suqhp10307;10.83.2.70;1;20170306-101313
suwro15001;10.197.64.143;2;20170306-101313
appli;;2;20170306-101313
sabad10835;10.238.14.86;2;20170306-101313
sabad10961;10.238.14.57;2;20170306-101313
sabad11168;10.238.126.168;1;20170306-101313
sabad11177;10.238.40.77;1;20170306-101313
sabad11285;10.238.196.205;1;20170306-101313
sabad11375;10.238.219.124;1;20170306-101313
sabad11447;10.238.206.46;1;20170306-101313
sabad15029;10.235.202.162;1;20170306-101313
sabad15209;10.238.198.204;1;20170306-101313
sabad18206;10.238.164.16;1;20170306-101313
sabad18215;10.238.164.25;1;20170306-101313
sabad18224;10.238.164.34;1;20170306-101313
sabad18233;10.238.164.43;1;20170306-101313
sabad18242;10.238.164.52;1;20170306-101313
sabad18251;10.238.164.61;1;20170306-101313
sabad18404;10.238.199.20;1;20170306-101313
sabad18413;10.238.199.29;1;20170306-101313
sabad18422;10.238.199.38;1;20170306-101313
sabad18431;10.238.199.47;1;20170306-101313
sabad18440;10.238.199.56;1;20170306-101313
sablq11620;10.115.1.36;1;20170306-101313
sablr15021;10.107.138.127;1;20170306-101313
sabor10024;10.18.92.140;2;20170306-101313
sacch15524;10.239.27.154;1;20170306-101313
sacch15542;10.239.26.151;2;20170306-101313
sacch15614;10.239.4.33;1;20170306-101313
sacch15713;10.239.27.113;1;20170306-101313
sacch35045;10.237.9.107;1;20170306-101313
sacch35054;10.237.9.116;1;20170306-101313
sacch35072;10.237.9.141;1;20170306-101313
sacch35090;10.237.9.164;1;20170306-101313
sacch35108;10.237.9.187;1;20170306-101313
salpt10048;10.18.0.10;1;20170306-101313
salpt10084;10.18.1.94;2;20170306-101313
salpt10183;10.18.0.44;1;20170306-101313
sarug31768;10.34.12.88;2;20170306-101313
savbn10026;10.23.208.48;1;20170306-101313
savbn10035;10.23.208.86;1;20170306-101313
sbbad19172;10.238.196.134;1;20170306-101313
sfcch10149;10.239.4.82;1;20170306-101313
subdq20060;10.107.148.99;2;20170306-101313
subdq25001;10.107.148.122;2;20170306-101313
sudel15002;10.108.100.156;2;20170306-101313
susao10275;10.81.129.135;2;20170306-101313
suwin1wbss;10.164.119.48;1;20170306-101313
